-- phpMyAdmin SQL Dump
-- version 5.2.1
-- https://www.phpmyadmin.net/
--
-- Servidor: 127.0.0.1
-- Tiempo de generación: 12-10-2023 a las 23:22:41
-- Versión del servidor: 10.4.28-MariaDB
-- Versión de PHP: 8.2.4

SET SQL_MODE = "NO_AUTO_VALUE_ON_ZERO";
START TRANSACTION;
SET time_zone = "+00:00";


/*!40101 SET @OLD_CHARACTER_SET_CLIENT=@@CHARACTER_SET_CLIENT */;
/*!40101 SET @OLD_CHARACTER_SET_RESULTS=@@CHARACTER_SET_RESULTS */;
/*!40101 SET @OLD_COLLATION_CONNECTION=@@COLLATION_CONNECTION */;
/*!40101 SET NAMES utf8mb4 */;

--
-- Base de datos: `bd_ventas`
--

-- --------------------------------------------------------

--
-- Estructura de tabla para la tabla `cliente`
--

CREATE DATABASE bd_ventas;
USE bd_ventas;

CREATE TABLE `cliente` (
  `IdCliente` int(11) UNSIGNED NOT NULL,
  `Dni` varchar(8) DEFAULT NULL,
  `Nombres` varchar(244) DEFAULT NULL,
  `Direccion` varchar(244) DEFAULT NULL,
  `Estado` varchar(1) DEFAULT NULL
) ENGINE=InnoDB DEFAULT CHARSET=utf8 COLLATE=utf8_general_ci;

--
-- Volcado de datos para la tabla `cliente`
--

INSERT INTO `cliente` (`IdCliente`, `Dni`, `Nombres`, `Direccion`, `Estado`) VALUES
(22, '48746', 'Rodrigo diaz de vivar', 'Calle las penas', '1'),
(23, '487346', 'Juana de arco', 'Avenida quemada', '0'),
(27, '1', 'Saladino', 'Diagonal cruzada', '1'),
(28, '2', 'Gengis Khan', 'Calle azotea', '1'),
(29, '101010', 'Atila', 'Avenida invasion', '1');

-- --------------------------------------------------------

--
-- Estructura de tabla para la tabla `detalle_ventas`
--

CREATE TABLE `detalle_ventas` (
  `IdDetalleVentas` int(11) UNSIGNED NOT NULL,
  `IdVentas` int(11) UNSIGNED NOT NULL,
  `IdProducto` int(11) UNSIGNED NOT NULL,
  `Cantidad` int(11) UNSIGNED DEFAULT NULL,
  `PrecioVenta` double DEFAULT NULL
) ENGINE=InnoDB DEFAULT CHARSET=utf8 COLLATE=utf8_general_ci;

--
-- Volcado de datos para la tabla `detalle_ventas`
--

INSERT INTO `detalle_ventas` (`IdDetalleVentas`, `IdVentas`, `IdProducto`, `Cantidad`, `PrecioVenta`) VALUES
(202, 130, 14, 5, 850.25),
(203, 130, 1, 3, 150),
(204, 131, 14, 5, 850.25),
(205, 131, 7, 5, 32),
(206, 131, 9, 3, 10000);

-- --------------------------------------------------------

--
-- Estructura de tabla para la tabla `empleado`
--

CREATE TABLE `empleado` (
  `IdEmpleado` int(10) UNSIGNED NOT NULL,
  `Dni` varchar(8) NOT NULL,
  `Nombres` varchar(255) DEFAULT NULL,
  `Telefono` varchar(9) DEFAULT NULL,
  `Estado` varchar(1) DEFAULT NULL,
  `User` varchar(8) DEFAULT NULL,
  `Pass` varchar(128) DEFAULT NULL
) ENGINE=InnoDB DEFAULT CHARSET=utf8 COLLATE=utf8_general_ci;

--
-- Volcado de datos para la tabla `empleado`
--

INSERT INTO `empleado` (`IdEmpleado`, `Dni`, `Nombres`, `Telefono`, `Estado`, `User`, `Pass`) VALUES
(8, '123', 'Rodrigo diaz de vivar', '5465', '1', 'rodgk','YTY2NWE0NTkyMDQyMmY5ZDQxN2U0ODY3ZWZkYzRmYjhhMDRhMWYzZmZmMWZhMDdlOTk4ZTg2ZjdmN2EyN2FlMw=='),
(10, '123', 'Romano', '121212', '1', 'rodrigo','YTY2NWE0NTkyMDQyMmY5ZDQxN2U0ODY3ZWZkYzRmYjhhMDRhMWYzZmZmMWZhMDdlOTk4ZTg2ZjdmN2EyN2FlMw=='),
(11, '123', 'Federico barbarroja', '8764894', '1', 'barbas','YTY2NWE0NTkyMDQyMmY5ZDQxN2U0ODY3ZWZkYzRmYjhhMDRhMWYzZmZmMWZhMDdlOTk4ZTg2ZjdmN2EyN2FlMw=='),
(12, '123', 'Wiliam wallace espadas', '4861874', '1', 'wallace','YTY2NWE0NTkyMDQyMmY5ZDQxN2U0ODY3ZWZkYzRmYjhhMDRhMWYzZmZmMWZhMDdlOTk4ZTg2ZjdmN2EyN2FlMw==');

-- --------------------------------------------------------

--
-- Estructura de tabla para la tabla `producto`
--

CREATE TABLE `producto` (
  `IdProducto` int(11) UNSIGNED NOT NULL,
  `Nombres` varchar(244) DEFAULT NULL,
  `Precio` double DEFAULT NULL,
  `Stock` int(11) UNSIGNED DEFAULT NULL,
  `Estado` varchar(1) DEFAULT NULL
) ENGINE=InnoDB DEFAULT CHARSET=utf8 COLLATE=utf8_general_ci;

--
-- Volcado de datos para la tabla `producto`
--

INSERT INTO `producto` (`IdProducto`, `Nombres`, `Precio`, `Stock`, `Estado`) VALUES
(1, 'Teclado Logitech 345', 150, 85, '1'),
(2, 'Mouse Logitech 567', 20, 90, '1'),
(3, 'Laptop Lenovo Ideapad 520', 800, 90, '1'),
(4, 'HeadPhones Sony M333', 500, 90, '1'),
(7, 'Zapatos zapatas', 32, 20, '1'),
(9, 'Peinilla para calvos', 10000, 5, '1'),
(10, 'Par de manos', 455.55, 10, '1'),
(14, 'Tortuga plastica', 850.25, 40, '1');

-- --------------------------------------------------------

--
-- Estructura de tabla para la tabla `ventas`
--

CREATE TABLE `ventas` (
  `IdVentas` int(11) UNSIGNED NOT NULL,
  `IdCliente` int(11) UNSIGNED NOT NULL,
  `IdEmpleado` int(10) UNSIGNED NOT NULL,
  `NumeroSerie` varchar(244) DEFAULT NULL,
  `FechaVentas` date DEFAULT NULL,
  `Monto` double DEFAULT NULL,
  `Estado` varchar(1) DEFAULT NULL
) ENGINE=InnoDB DEFAULT CHARSET=utf8 COLLATE=utf8_general_ci;

--
-- Volcado de datos para la tabla `ventas`
--

INSERT INTO `ventas` (`IdVentas`, `IdCliente`, `IdEmpleado`, `NumeroSerie`, `FechaVentas`, `Monto`, `Estado`) VALUES
(1, 27, 8, '00000010', '2020-10-15', 345, '1'),
(130, 29, 8, '00000011', '2023-10-11', 4701.25, '1'),
(131, 23, 8, '00000012', '2023-10-11', 34411.25, '1');

--
-- Índices para tablas volcadas
--

--
-- Indices de la tabla `cliente`
--
ALTER TABLE `cliente`
  ADD PRIMARY KEY (`IdCliente`);

--
-- Indices de la tabla `detalle_ventas`
--
ALTER TABLE `detalle_ventas`
  ADD PRIMARY KEY (`IdDetalleVentas`,`IdVentas`,`IdProducto`),
  ADD KEY `Ventas_has_Producto_FKIndex1` (`IdVentas`),
  ADD KEY `Ventas_has_Producto_FKIndex2` (`IdProducto`);

--
-- Indices de la tabla `empleado`
--
ALTER TABLE `empleado`
  ADD PRIMARY KEY (`IdEmpleado`);

--
-- Indices de la tabla `producto`
--
ALTER TABLE `producto`
  ADD PRIMARY KEY (`IdProducto`);

--
-- Indices de la tabla `ventas`
--
ALTER TABLE `ventas`
  ADD PRIMARY KEY (`IdVentas`),
  ADD KEY `Ventas_FKIndex1` (`IdEmpleado`),
  ADD KEY `Ventas_FKIndex2` (`IdCliente`);

--
-- AUTO_INCREMENT de las tablas volcadas
--

--
-- AUTO_INCREMENT de la tabla `cliente`
--
ALTER TABLE `cliente`
  MODIFY `IdCliente` int(11) UNSIGNED NOT NULL AUTO_INCREMENT, AUTO_INCREMENT=31;

--
-- AUTO_INCREMENT de la tabla `detalle_ventas`
--
ALTER TABLE `detalle_ventas`
  MODIFY `IdDetalleVentas` int(11) UNSIGNED NOT NULL AUTO_INCREMENT, AUTO_INCREMENT=207;

--
-- AUTO_INCREMENT de la tabla `empleado`
--
ALTER TABLE `empleado`
  MODIFY `IdEmpleado` int(10) UNSIGNED NOT NULL AUTO_INCREMENT, AUTO_INCREMENT=14;

--
-- AUTO_INCREMENT de la tabla `producto`
--
ALTER TABLE `producto`
  MODIFY `IdProducto` int(11) UNSIGNED NOT NULL AUTO_INCREMENT, AUTO_INCREMENT=15;

--
-- AUTO_INCREMENT de la tabla `ventas`
--
ALTER TABLE `ventas`
  MODIFY `IdVentas` int(11) UNSIGNED NOT NULL AUTO_INCREMENT, AUTO_INCREMENT=132;

--
-- Restricciones para tablas volcadas
--

--
-- Filtros para la tabla `detalle_ventas`
--
ALTER TABLE `detalle_ventas`
  ADD CONSTRAINT `detalle_ventas_ibfk_1` FOREIGN KEY (`IdVentas`) REFERENCES `ventas` (`IdVentas`) ON DELETE NO ACTION ON UPDATE NO ACTION,
  ADD CONSTRAINT `detalle_ventas_ibfk_2` FOREIGN KEY (`IdProducto`) REFERENCES `producto` (`IdProducto`) ON DELETE NO ACTION ON UPDATE NO ACTION;

--
-- Filtros para la tabla `ventas`
--
ALTER TABLE `ventas`
  ADD CONSTRAINT `ventas_ibfk_1` FOREIGN KEY (`IdEmpleado`) REFERENCES `empleado` (`IdEmpleado`) ON DELETE NO ACTION ON UPDATE NO ACTION,
  ADD CONSTRAINT `ventas_ibfk_2` FOREIGN KEY (`IdCliente`) REFERENCES `cliente` (`IdCliente`) ON DELETE NO ACTION ON UPDATE NO ACTION;
COMMIT;

/*!40101 SET CHARACTER_SET_CLIENT=@OLD_CHARACTER_SET_CLIENT */;
/*!40101 SET CHARACTER_SET_RESULTS=@OLD_CHARACTER_SET_RESULTS */;
/*!40101 SET COLLATION_CONNECTION=@OLD_COLLATION_CONNECTION */;
